{"cameraMode":{"drawMode":0,"name":"Shaded","section":"Shading Mode"},"sceneLighting":true,"audioPlay":false,"sceneViewState":{"m_AlwaysRefresh":true,"showFog":true,"showSkybox":false,"showFlares":true,"showImageEffects":true,"showParticleSystems":true,"showVisualEffectGraphs":true,"m_FxEnabled":true},"in2DMode":false,"pivot":{"x":-1.3661561012268067,"y":-0.8088162541389465,"z":-0.6597981452941895},"rotation":{"x":0.0028052208945155145,"y":0.9354432225227356,"z":0.007428194861859083,"w":-0.3533836901187897},"size":3.1418983936309816,"orthographic":false}